{"cameraMode":{"drawMode":0,"name":"Shaded","section":"Shading Mode"},"sceneLighting":true,"audioPlay":false,"sceneViewState":{"showFog":false,"showMaterialUpdate":false,"showSkybox":true,"showFlares":false,"showImageEffects":false,"showParticleSystems":false},"in2DMode":false,"pivot":{"x":-1.421012282371521,"y":2.6235663890838625,"z":-0.600131630897522},"rotation":{"x":-0.06097772344946861,"y":0.9359188675880432,"z":-0.2027250975370407,"w":-0.2815342843532562},"size":7.0226616859436039,"orthographic":false}