{"cameraMode":{"drawMode":0,"name":"Shaded","section":"Shading Mode"},"sceneLighting":false,"audioPlay":false,"sceneViewState":{"showFog":true,"showMaterialUpdate":true,"showSkybox":true,"showFlares":true,"showImageEffects":true,"showParticleSystems":true},"in2DMode":false,"pivot":{"x":-2.336761236190796,"y":2.9910011291503908,"z":0.9639264941215515},"rotation":{"x":0.006193489767611027,"y":0.34242796897888186,"z":0.0022732154466211797,"w":-0.9395362138748169},"size":14.696511268615723,"orthographic":false}