{"cameraMode":{"drawMode":0,"name":"Shaded","section":"Shading Mode"},"sceneLighting":false,"audioPlay":false,"sceneViewState":{"showFog":true,"showMaterialUpdate":true,"showSkybox":true,"showFlares":true,"showImageEffects":true,"showParticleSystems":true},"in2DMode":false,"pivot":{"x":-1.7548363208770753,"y":1.4277160167694092,"z":1.5364264249801636},"rotation":{"x":0.09046001732349396,"y":-0.017923733219504358,"z":-0.0016167417634278536,"w":-0.995747983455658},"size":2.2455787658691408,"orthographic":false}