{"cameraMode":{"drawMode":0,"name":"Shaded","section":"Shading Mode"},"sceneLighting":true,"audioPlay":false,"sceneViewState":{"showFog":true,"showMaterialUpdate":true,"showSkybox":true,"showFlares":true,"showImageEffects":true,"showParticleSystems":true},"in2DMode":false,"pivot":{"x":2.5715765953063967,"y":-8.696846008300782,"z":40.28249740600586},"rotation":{"x":-0.11515727639198303,"y":-0.038436099886894229,"z":0.004462485667318106,"w":-0.9925969243049622},"size":45.291744232177737,"orthographic":false}