{"cameraMode":{"drawMode":0,"name":"Shaded","section":"Shading Mode"},"sceneLighting":true,"audioPlay":false,"sceneViewState":{"showFog":true,"showMaterialUpdate":true,"showSkybox":true,"showFlares":true,"showImageEffects":true,"showParticleSystems":true},"in2DMode":false,"pivot":{"x":-11.793527603149414,"y":-5.603430271148682,"z":41.94736099243164},"rotation":{"x":-0.07595311105251312,"y":0.11074236780405045,"z":-0.008485084399580956,"w":-0.9909096956253052},"size":45.291744232177737,"orthographic":false}