{"cameraMode":{"drawMode":0,"name":"Shaded","section":"Shading Mode"},"sceneLighting":true,"audioPlay":false,"sceneViewState":{"showFog":true,"showMaterialUpdate":true,"showSkybox":true,"showFlares":true,"showImageEffects":true,"showParticleSystems":true},"in2DMode":false,"pivot":{"x":1.9608733654022217,"y":1.487424373626709,"z":0.9690086841583252},"rotation":{"x":0.08982419967651367,"y":0.4959264099597931,"z":-0.05166797339916229,"w":0.8621595501899719},"size":3.856344223022461,"orthographic":false}