{"cameraMode":{"drawMode":0,"name":"Shaded","section":"Shading Mode"},"sceneLighting":true,"audioPlay":false,"sceneViewState":{"showFog":true,"showMaterialUpdate":true,"showSkybox":true,"showFlares":true,"showImageEffects":true,"showParticleSystems":true},"in2DMode":false,"pivot":{"x":5.587286949157715,"y":0.8266667127609253,"z":3.0454721450805666},"rotation":{"x":0.001203028834424913,"y":-0.9981387257575989,"z":0.020964520052075387,"w":0.05725490674376488},"size":0.4010978043079376,"orthographic":false}