{"cameraMode":{"drawMode":0,"name":"Shaded","section":"Shading Mode"},"sceneLighting":true,"audioPlay":false,"sceneViewState":{"showFog":true,"showMaterialUpdate":true,"showSkybox":true,"showFlares":true,"showImageEffects":true,"showParticleSystems":true},"in2DMode":false,"pivot":{"x":-0.06695938110351563,"y":1.11221444606781,"z":1.526853084564209},"rotation":{"x":0.0518907867372036,"y":0.9386035203933716,"z":-0.1623837649822235,"w":0.2999371290206909},"size":1.935189962387085,"orthographic":false}