{"cameraMode":{"drawMode":0,"name":"Shaded","section":"Shading Mode"},"sceneLighting":true,"audioPlay":false,"sceneViewState":{"showFog":false,"showMaterialUpdate":false,"showSkybox":true,"showFlares":false,"showImageEffects":false,"showParticleSystems":false},"in2DMode":false,"pivot":{"x":4.591948509216309,"y":-0.7635130286216736,"z":-2.171401023864746},"rotation":{"x":-0.016900446265935899,"y":-0.82952880859375,"z":0.02515479549765587,"w":-0.5576919317245483},"size":10.832338333129883,"orthographic":false}