{"cameraMode":{"drawMode":0,"name":"Shaded","section":"Shading Mode"},"sceneLighting":true,"audioPlay":false,"sceneViewState":{"showFog":true,"showMaterialUpdate":true,"showSkybox":true,"showFlares":true,"showImageEffects":true,"showParticleSystems":true},"in2DMode":false,"pivot":{"x":-0.4719758629798889,"y":0.2969638705253601,"z":-0.025363430380821229},"rotation":{"x":0.011808840557932854,"y":0.9881263971328735,"z":-0.10294879972934723,"w":0.11343827098608017},"size":0.17669028043746949,"orthographic":false}