{"cameraMode":{"drawMode":0,"name":"Shaded","section":"Shading Mode"},"sceneLighting":true,"audioPlay":false,"sceneViewState":{"showFog":true,"showMaterialUpdate":true,"showSkybox":true,"showFlares":true,"showImageEffects":true,"showParticleSystems":true},"in2DMode":false,"pivot":{"x":-1.5129821300506592,"y":1.912359356880188,"z":0.5509645342826843},"rotation":{"x":0.13316388428211213,"y":-0.4837491512298584,"z":0.07475119829177857,"w":0.8617809414863586},"size":7.196991920471191,"orthographic":false}