{"cameraMode":{"drawMode":0,"name":"Shaded","section":"Shading Mode"},"sceneLighting":true,"audioPlay":false,"sceneViewState":{"showFog":true,"showMaterialUpdate":true,"showSkybox":true,"showFlares":true,"showImageEffects":true,"showParticleSystems":true},"in2DMode":false,"pivot":{"x":0.7038111686706543,"y":-0.38597697019577029,"z":0.37904906272888186},"rotation":{"x":-0.2640058100223541,"y":-0.22261042892932893,"z":0.06276392191648483,"w":-0.9363793730735779},"size":2.1431803703308107,"orthographic":false}