{"cameraMode":{"drawMode":0,"name":"Shaded","section":"Shading Mode"},"sceneLighting":true,"audioPlay":false,"sceneViewState":{"showFog":true,"showMaterialUpdate":true,"showSkybox":true,"showFlares":true,"showImageEffects":true,"showParticleSystems":true},"in2DMode":false,"pivot":{"x":1.2572228908538819,"y":1.3885035514831544,"z":-2.01017427444458},"rotation":{"x":-0.26244592666625979,"y":0.3666640520095825,"z":-0.10861998796463013,"w":-0.8859353065490723},"size":5.312518119812012,"orthographic":false}