{"cameraMode":{"drawMode":0,"name":"Shaded","section":"Shading Mode"},"sceneLighting":true,"audioPlay":false,"sceneViewState":{"showFog":true,"showMaterialUpdate":true,"showSkybox":true,"showFlares":true,"showImageEffects":true,"showParticleSystems":true},"in2DMode":false,"pivot":{"x":1.1920928955078126e-7,"y":0.7648186683654785,"z":-0.08004939556121826},"rotation":{"x":0.1116846352815628,"y":0.888243556022644,"z":-0.30902722477912905,"w":0.3210175037384033},"size":10.63216781616211,"orthographic":false}