{"cameraMode":{"drawMode":0,"name":"Shaded","section":"Shading Mode"},"sceneLighting":false,"audioPlay":false,"sceneViewState":{"showFog":true,"showMaterialUpdate":true,"showSkybox":false,"showFlares":true,"showImageEffects":true,"showParticleSystems":true},"in2DMode":false,"pivot":{"x":-0.17818792164325715,"y":0.7473019361495972,"z":-0.2714287340641022},"rotation":{"x":-0.12211168557405472,"y":-0.6597147583961487,"z":0.10985228419303894,"w":-0.7333469390869141},"size":1.5913217067718506,"orthographic":false}