{"cameraMode":{"drawMode":0,"name":"Shaded","section":"Shading Mode"},"sceneLighting":true,"audioPlay":false,"sceneViewState":{"showFog":false,"showMaterialUpdate":false,"showSkybox":true,"showFlares":false,"showImageEffects":false,"showParticleSystems":false},"in2DMode":false,"pivot":{"x":0.12999331951141358,"y":0.31320926547050478,"z":0.19786286354064942},"rotation":{"x":-0.0217912495136261,"y":0.44346535205841067,"z":-0.010769029147922993,"w":-0.8959869742393494},"size":3.0195205211639406,"orthographic":false}