{"cameraMode":{"drawMode":0,"name":"Shaded","section":"Shading Mode"},"sceneLighting":true,"audioPlay":false,"sceneViewState":{"showFog":true,"showMaterialUpdate":true,"showSkybox":true,"showFlares":true,"showImageEffects":true,"showParticleSystems":true},"in2DMode":false,"pivot":{"x":-0.1775813102722168,"y":0.008188724517822266,"z":-1.5317418575286866},"rotation":{"x":0.0886283591389656,"y":-0.8875575661659241,"z":0.19225093722343446,"w":0.40917739272117617},"size":6.577523708343506,"orthographic":false}