{"cameraMode":{"drawMode":0,"name":"Shaded","section":"Shading Mode"},"sceneLighting":true,"audioPlay":false,"sceneViewState":{"showFog":true,"showMaterialUpdate":true,"showSkybox":true,"showFlares":true,"showImageEffects":true,"showParticleSystems":true},"in2DMode":false,"pivot":{"x":-0.9881906509399414,"y":-1.2415907382965088,"z":-0.8861992359161377},"rotation":{"x":0.1447562873363495,"y":-0.8469762206077576,"z":0.2918253242969513,"w":0.4201367497444153},"size":8.587834358215332,"orthographic":false}