{"cameraMode":{"drawMode":0,"name":"Shaded","section":"Shading Mode"},"sceneLighting":true,"audioPlay":false,"sceneViewState":{"showFog":true,"showMaterialUpdate":true,"showSkybox":true,"showFlares":true,"showImageEffects":true,"showParticleSystems":true},"in2DMode":false,"pivot":{"x":-0.9881906509399414,"y":-1.2415907382965088,"z":-0.8861992359161377},"rotation":{"x":0.15770797431468965,"y":-0.8057498931884766,"z":0.2468758076429367,"w":0.51473069190979},"size":13.863459587097168,"orthographic":false}