{"cameraMode":{"drawMode":0,"name":"Shaded","section":"Shading Mode"},"sceneLighting":true,"audioPlay":false,"sceneViewState":{"showFog":true,"showMaterialUpdate":true,"showSkybox":true,"showFlares":true,"showImageEffects":true,"showParticleSystems":true},"in2DMode":false,"pivot":{"x":5.625,"y":0.621246337890625,"z":-0.0718260109424591},"rotation":{"x":0.02100817859172821,"y":-0.9787062406539917,"z":0.15574543178081513,"w":0.13204608857631684},"size":1.3881831169128419,"orthographic":false}