{"cameraMode":{"drawMode":0,"name":"Shaded","section":"Shading Mode"},"sceneLighting":true,"audioPlay":false,"sceneViewState":{"showFog":true,"showMaterialUpdate":true,"showSkybox":true,"showFlares":true,"showImageEffects":true,"showParticleSystems":true},"in2DMode":false,"pivot":{"x":-0.03377837687730789,"y":1.1001639366149903,"z":-0.21341156959533692},"rotation":{"x":-0.5182517170906067,"y":0.003345297882333398,"z":-0.0020288568921387197,"w":-0.8552191853523254},"size":6.209290027618408,"orthographic":false}